landscape,policy,round,cumulative_queries,best_measured_including_parent,cumulative_valid,cumulative_unavailable
GB1,uniform,1,100,3.956863647,97,3
GB1,uniform,2,200,3.956863647,188,12
GB1,uniform,3,300,3.956863647,275,25
GB1,uniform,4,400,3.956863647,371,29
GB1,uniform,5,500,4.375297477,465,35
GB1,uniform,6,600,4.375297477,559,41
GB1,uniform,7,700,4.375297477,647,53
GB1,uniform,8,800,4.375297477,740,60
GB1,uniform,9,900,4.375297477,836,64
GB1,uniform,10,1000,4.375297477,931,69
GB1,uniform,11,1100,4.802041538,1027,73
GB1,uniform,12,1200,4.802041538,1121,79
GB1,uniform,13,1300,4.802041538,1214,86
GB1,uniform,14,1400,4.802041538,1311,89
GB1,uniform,15,1500,4.802041538,1407,93
GB1,uniform,16,1600,4.802041538,1502,98
GB1,uniform,17,1700,4.802041538,1596,104
GB1,uniform,18,1800,4.802041538,1691,109
GB1,uniform,19,1900,4.802041538,1781,119
GB1,uniform,20,2000,4.802041538,1876,124
GB1,single-first,1,100,3.901460756,98,2
GB1,single-first,2,200,4.721708359,183,17
GB1,single-first,3,300,4.721708359,273,27
GB1,single-first,4,400,4.721708359,367,33
GB1,single-first,5,500,4.721708359,453,47
GB1,single-first,6,600,4.721708359,544,56
GB1,single-first,7,700,4.721708359,637,63
GB1,single-first,8,800,4.721708359,728,72
GB1,single-first,9,900,4.721708359,822,78
GB1,single-first,10,1000,4.721708359,915,85
GB1,single-first,11,1100,4.721708359,1009,91
GB1,single-first,12,1200,4.721708359,1102,98
GB1,single-first,13,1300,4.721708359,1198,102
GB1,single-first,14,1400,4.721708359,1291,109
GB1,single-first,15,1500,4.721708359,1387,113
GB1,single-first,16,1600,4.721708359,1476,124
GB1,single-first,17,1700,4.721708359,1570,130
GB1,single-first,18,1800,4.721708359,1666,134
GB1,single-first,19,1900,4.721708359,1761,139
GB1,single-first,20,2000,4.721708359,1856,144
GB1,live-assistant,1,100,4.157983125,99,1
GB1,live-assistant,2,200,6.20113545,198,2
GB1,live-assistant,3,300,8.761965656,297,3
GB1,live-assistant,4,400,8.761965656,396,4
GB1,live-assistant,5,500,8.761965656,495,5
GB1,live-assistant,6,600,8.761965656,594,6
GB1,live-assistant,7,700,8.761965656,694,6
GB1,live-assistant,8,800,8.761965656,790,10
GB1,live-assistant,9,900,8.761965656,890,10
GB1,live-assistant,10,1000,8.761965656,987,13
GB1,live-assistant,11,1100,8.761965656,1071,29
GB1,live-assistant,12,1200,8.761965656,1171,29
GB1,live-assistant,13,1300,8.761965656,1271,29
GB1,live-assistant,14,1400,8.761965656,1368,32
GB1,live-assistant,15,1500,8.761965656,1468,32
GB1,live-assistant,16,1600,8.761965656,1568,32
GB1,live-assistant,17,1700,8.761965656,1657,43
GB1,live-assistant,18,1800,8.761965656,1755,45
GB1,live-assistant,19,1900,8.761965656,1854,46
GB1,live-assistant,20,2000,8.761965656,1953,47
ParD3,uniform,1,100,1.0,99,1
ParD3,uniform,2,200,1.0,198,2
ParD3,uniform,3,300,1.0,298,2
ParD3,uniform,4,400,1.0,397,3
ParD3,uniform,5,500,1.0,496,4
ParD3,uniform,6,600,1.0,594,6
ParD3,uniform,7,700,1.0,693,7
ParD3,uniform,8,800,1.0,791,9
ParD3,uniform,9,900,1.0,889,11
ParD3,uniform,10,1000,1.0,987,13
ParD3,uniform,11,1100,1.0,1086,14
ParD3,uniform,12,1200,1.0,1186,14
ParD3,uniform,13,1300,1.0,1286,14
ParD3,uniform,14,1400,1.0,1385,15
ParD3,uniform,15,1500,1.0,1482,18
ParD3,uniform,16,1600,1.0,1581,19
ParD3,uniform,17,1700,1.0,1680,20
ParD3,uniform,18,1800,1.0,1780,20
ParD3,uniform,19,1900,1.004218588,1880,20
ParD3,uniform,20,2000,1.004218588,1976,24
ParD3,single-first,1,100,1.017502225,99,1
ParD3,single-first,2,200,1.017502225,198,2
ParD3,single-first,3,300,1.017502225,295,5
ParD3,single-first,4,400,1.017502225,395,5
ParD3,single-first,5,500,1.017502225,495,5
ParD3,single-first,6,600,1.017502225,593,7
ParD3,single-first,7,700,1.017502225,692,8
ParD3,single-first,8,800,1.017502225,791,9
ParD3,single-first,9,900,1.017502225,890,10
ParD3,single-first,10,1000,1.017502225,989,11
ParD3,single-first,11,1100,1.017502225,1088,12
ParD3,single-first,12,1200,1.017502225,1187,13
ParD3,single-first,13,1300,1.017502225,1286,14
ParD3,single-first,14,1400,1.017502225,1384,16
ParD3,single-first,15,1500,1.017502225,1481,19
ParD3,single-first,16,1600,1.017502225,1581,19
ParD3,single-first,17,1700,1.017502225,1681,19
ParD3,single-first,18,1800,1.017502225,1781,19
ParD3,single-first,19,1900,1.017502225,1879,21
ParD3,single-first,20,2000,1.017502225,1977,23
ParD3,live-assistant,1,100,1.017502225,100,0
ParD3,live-assistant,2,200,1.017502225,199,1
ParD3,live-assistant,3,300,1.017502225,299,1
ParD3,live-assistant,4,400,1.017502225,399,1
ParD3,live-assistant,5,500,1.017502225,499,1
ParD3,live-assistant,6,600,1.017502225,598,2
ParD3,live-assistant,7,700,1.017502225,698,2
ParD3,live-assistant,8,800,1.017502225,797,3
ParD3,live-assistant,9,900,1.017502225,896,4
ParD3,live-assistant,10,1000,1.017502225,996,4
ParD3,live-assistant,11,1100,1.017502225,1092,8
ParD3,live-assistant,12,1200,1.017502225,1191,9
ParD3,live-assistant,13,1300,1.017502225,1286,14
ParD3,live-assistant,14,1400,1.017502225,1384,16
ParD3,live-assistant,15,1500,1.017502225,1483,17
ParD3,live-assistant,16,1600,1.017502225,1583,17
ParD3,live-assistant,17,1700,1.017502225,1683,17
ParD3,live-assistant,18,1800,1.017502225,1783,17
ParD3,live-assistant,19,1900,1.017502225,1883,17
ParD3,live-assistant,20,2000,1.017502225,1982,18
TrpB3A,uniform,1,100,1.0,100,0
TrpB3A,uniform,2,200,1.0,200,0
TrpB3A,uniform,3,300,1.0,300,0
TrpB3A,uniform,4,400,1.0,400,0
TrpB3A,uniform,5,500,1.0,499,1
TrpB3A,uniform,6,600,1.0,596,4
TrpB3A,uniform,7,700,1.0,696,4
TrpB3A,uniform,8,800,1.0,796,4
TrpB3A,uniform,9,900,1.0,894,6
TrpB3A,uniform,10,1000,1.0,994,6
TrpB3A,uniform,11,1100,1.0,1094,6
TrpB3A,uniform,12,1200,1.0,1194,6
TrpB3A,uniform,13,1300,1.0,1294,6
TrpB3A,uniform,14,1400,1.0,1394,6
TrpB3A,uniform,15,1500,1.0,1493,7
TrpB3A,uniform,16,1600,1.0,1593,7
TrpB3A,uniform,17,1700,1.0,1693,7
TrpB3A,uniform,18,1800,1.0,1793,7
TrpB3A,uniform,19,1900,1.0,1893,7
TrpB3A,uniform,20,2000,1.0,1993,7
TrpB3A,single-first,1,100,1.0,98,2
TrpB3A,single-first,2,200,1.0,197,3
TrpB3A,single-first,3,300,1.0,297,3
TrpB3A,single-first,4,400,1.0,397,3
TrpB3A,single-first,5,500,1.0,496,4
TrpB3A,single-first,6,600,1.0,596,4
TrpB3A,single-first,7,700,1.0,696,4
TrpB3A,single-first,8,800,1.0,796,4
TrpB3A,single-first,9,900,1.0,896,4
TrpB3A,single-first,10,1000,1.0,996,4
TrpB3A,single-first,11,1100,1.0,1096,4
TrpB3A,single-first,12,1200,1.0,1196,4
TrpB3A,single-first,13,1300,1.0,1296,4
TrpB3A,single-first,14,1400,1.0,1395,5
TrpB3A,single-first,15,1500,1.0,1495,5
TrpB3A,single-first,16,1600,1.0,1594,6
TrpB3A,single-first,17,1700,1.0,1694,6
TrpB3A,single-first,18,1800,1.0,1794,6
TrpB3A,single-first,19,1900,1.0,1893,7
TrpB3A,single-first,20,2000,1.0,1993,7
TrpB3A,live-assistant,1,100,1.0,99,1
TrpB3A,live-assistant,2,200,1.0,197,3
TrpB3A,live-assistant,3,300,1.0,297,3
TrpB3A,live-assistant,4,400,1.0,394,6
TrpB3A,live-assistant,5,500,1.0,494,6
TrpB3A,live-assistant,6,600,1.0,594,6
TrpB3A,live-assistant,7,700,1.0,694,6
TrpB3A,live-assistant,8,800,1.0,793,7
TrpB3A,live-assistant,9,900,1.0,892,8
TrpB3A,live-assistant,10,1000,1.0,991,9
TrpB3A,live-assistant,11,1100,1.0,1091,9
TrpB3A,live-assistant,12,1200,1.0,1191,9
TrpB3A,live-assistant,13,1300,1.0,1291,9
TrpB3A,live-assistant,14,1400,1.0,1391,9
TrpB3A,live-assistant,15,1500,1.0,1489,11
TrpB3A,live-assistant,16,1600,1.0,1588,12
TrpB3A,live-assistant,17,1700,1.0,1688,12
TrpB3A,live-assistant,18,1800,1.0,1788,12
TrpB3A,live-assistant,19,1900,1.0,1888,12
TrpB3A,live-assistant,20,2000,1.0,1988,12
T7,uniform,1,100,0.54917884,82,18
T7,uniform,2,200,0.54917884,161,39
T7,uniform,3,300,0.84999454,246,54
T7,uniform,4,400,0.84999454,322,78
T7,uniform,5,500,0.84999454,409,91
T7,uniform,6,600,0.84999454,493,107
T7,uniform,7,700,0.84999454,574,126
T7,uniform,8,800,0.84999454,660,140
T7,uniform,9,900,0.84999454,748,152
T7,uniform,10,1000,0.84999454,838,162
T7,uniform,11,1100,0.8512114,923,177
T7,uniform,12,1200,0.8512114,1011,189
T7,uniform,13,1300,0.8512114,1096,204
T7,uniform,14,1400,0.8512114,1177,223
T7,uniform,15,1500,0.8512114,1258,242
T7,uniform,16,1600,0.8512114,1336,264
T7,uniform,17,1700,0.8512114,1419,281
T7,uniform,18,1800,0.8512114,1501,299
T7,uniform,19,1900,0.8512114,1586,314
T7,uniform,20,2000,0.8512114,1666,334
T7,single-first,1,100,0.6176561,79,21
T7,single-first,2,200,0.6176561,163,37
T7,single-first,3,300,0.6176561,247,53
T7,single-first,4,400,0.6176561,330,70
T7,single-first,5,500,0.6176561,418,82
T7,single-first,6,600,0.81668675,504,96
T7,single-first,7,700,0.81668675,590,110
T7,single-first,8,800,0.81668675,669,131
T7,single-first,9,900,0.8512114,754,146
T7,single-first,10,1000,0.8512114,845,155
T7,single-first,11,1100,0.8512114,929,171
T7,single-first,12,1200,0.8512114,1011,189
T7,single-first,13,1300,0.8512114,1101,199
T7,single-first,14,1400,0.8512114,1186,214
T7,single-first,15,1500,0.8512114,1269,231
T7,single-first,16,1600,0.8512114,1351,249
T7,single-first,17,1700,0.8512114,1434,266
T7,single-first,18,1800,0.8512114,1516,284
T7,single-first,19,1900,0.8512114,1599,301
T7,single-first,20,2000,0.8512114,1682,318
T7,live-assistant,1,100,0.6176561,77,23
T7,live-assistant,2,200,0.6344839,154,46
T7,live-assistant,3,300,0.65786237,226,74
T7,live-assistant,4,400,0.65786237,307,93
T7,live-assistant,5,500,0.65786237,394,106
T7,live-assistant,6,600,0.65786237,473,127
T7,live-assistant,7,700,0.65786237,550,150
T7,live-assistant,8,800,0.65786237,629,171
T7,live-assistant,9,900,0.65786237,720,180
T7,live-assistant,10,1000,0.65786237,799,201
T7,live-assistant,11,1100,0.65786237,864,236
T7,live-assistant,12,1200,0.65786237,952,248
T7,live-assistant,13,1300,0.65786237,1022,278
T7,live-assistant,14,1400,0.65786237,1091,309
T7,live-assistant,15,1500,0.65786237,1174,326
T7,live-assistant,16,1600,0.65786237,1267,333
T7,live-assistant,17,1700,0.65786237,1358,342
T7,live-assistant,18,1800,0.65786237,1447,353
T7,live-assistant,19,1900,0.65786237,1543,357
T7,live-assistant,20,2000,0.65786237,1622,378
ParD2,uniform,1,100,1.0,99,1
ParD2,uniform,2,200,1.0,198,2
ParD2,uniform,3,300,1.0,298,2
ParD2,uniform,4,400,1.0,397,3
ParD2,uniform,5,500,1.0,496,4
ParD2,uniform,6,600,1.0,594,6
ParD2,uniform,7,700,1.0,693,7
ParD2,uniform,8,800,1.0,791,9
ParD2,uniform,9,900,1.0,889,11
ParD2,uniform,10,1000,1.002270597,987,13
ParD2,uniform,11,1100,1.002270597,1086,14
ParD2,uniform,12,1200,1.002270597,1186,14
ParD2,uniform,13,1300,1.002270597,1286,14
ParD2,uniform,14,1400,1.002270597,1385,15
ParD2,uniform,15,1500,1.002270597,1482,18
ParD2,uniform,16,1600,1.002270597,1581,19
ParD2,uniform,17,1700,1.007499348,1680,20
ParD2,uniform,18,1800,1.007499348,1780,20
ParD2,uniform,19,1900,1.007499348,1880,20
ParD2,uniform,20,2000,1.007499348,1976,24
ParD2,single-first,1,100,1.026803807,99,1
ParD2,single-first,2,200,1.026803807,198,2
ParD2,single-first,3,300,1.026803807,295,5
ParD2,single-first,4,400,1.026803807,395,5
ParD2,single-first,5,500,1.026803807,495,5
ParD2,single-first,6,600,1.026803807,593,7
ParD2,single-first,7,700,1.026803807,692,8
ParD2,single-first,8,800,1.026803807,791,9
ParD2,single-first,9,900,1.026803807,890,10
ParD2,single-first,10,1000,1.026803807,989,11
ParD2,single-first,11,1100,1.026803807,1088,12
ParD2,single-first,12,1200,1.026803807,1187,13
ParD2,single-first,13,1300,1.026803807,1286,14
ParD2,single-first,14,1400,1.026803807,1384,16
ParD2,single-first,15,1500,1.026803807,1481,19
ParD2,single-first,16,1600,1.026803807,1581,19
ParD2,single-first,17,1700,1.026803807,1681,19
ParD2,single-first,18,1800,1.026803807,1781,19
ParD2,single-first,19,1900,1.026803807,1879,21
ParD2,single-first,20,2000,1.026803807,1977,23
ParD2,live-assistant,1,100,1.026803807,99,1
ParD2,live-assistant,2,200,1.026803807,199,1
ParD2,live-assistant,3,300,1.026803807,299,1
ParD2,live-assistant,4,400,1.026803807,399,1
ParD2,live-assistant,5,500,1.026803807,499,1
ParD2,live-assistant,6,600,1.026803807,599,1
ParD2,live-assistant,7,700,1.026803807,699,1
ParD2,live-assistant,8,800,1.026803807,799,1
ParD2,live-assistant,9,900,1.026803807,896,4
ParD2,live-assistant,10,1000,1.026803807,996,4
ParD2,live-assistant,11,1100,1.026803807,1096,4
ParD2,live-assistant,12,1200,1.026803807,1196,4
ParD2,live-assistant,13,1300,1.026803807,1296,4
ParD2,live-assistant,14,1400,1.026803807,1396,4
ParD2,live-assistant,15,1500,1.026803807,1496,4
ParD2,live-assistant,16,1600,1.026803807,1596,4
ParD2,live-assistant,17,1700,1.026803807,1696,4
ParD2,live-assistant,18,1800,1.026803807,1796,4
ParD2,live-assistant,19,1900,1.026803807,1896,4
ParD2,live-assistant,20,2000,1.026803807,1996,4
TEV,uniform,1,100,0.414362,99,1
TEV,uniform,2,200,0.6309917,198,2
TEV,uniform,3,300,0.6309917,297,3
TEV,uniform,4,400,0.6309917,397,3
TEV,uniform,5,500,0.6309917,497,3
TEV,uniform,6,600,0.6309917,595,5
TEV,uniform,7,700,0.6309917,694,6
TEV,uniform,8,800,0.6309917,794,6
TEV,uniform,9,900,0.6309917,894,6
TEV,uniform,10,1000,0.6309917,992,8
TEV,uniform,11,1100,0.6309917,1092,8
TEV,uniform,12,1200,0.6309917,1191,9
TEV,uniform,13,1300,0.6309917,1291,9
TEV,uniform,14,1400,0.6309917,1391,9
TEV,uniform,15,1500,0.6309917,1491,9
TEV,uniform,16,1600,0.6309917,1591,9
TEV,uniform,17,1700,0.75625825,1690,10
TEV,uniform,18,1800,0.75625825,1790,10
TEV,uniform,19,1900,0.75625825,1889,11
TEV,uniform,20,2000,0.75625825,1988,12
TEV,single-first,1,100,0.5373317,100,0
TEV,single-first,2,200,0.5373317,200,0
TEV,single-first,3,300,0.5373317,300,0
TEV,single-first,4,400,0.5373317,399,1
TEV,single-first,5,500,0.5373317,498,2
TEV,single-first,6,600,0.5373317,598,2
TEV,single-first,7,700,0.5373317,697,3
TEV,single-first,8,800,0.5373317,797,3
TEV,single-first,9,900,0.5373317,896,4
TEV,single-first,10,1000,0.5373317,996,4
TEV,single-first,11,1100,0.5373317,1096,4
TEV,single-first,12,1200,0.5373317,1196,4
TEV,single-first,13,1300,0.5373317,1295,5
TEV,single-first,14,1400,0.5373317,1395,5
TEV,single-first,15,1500,0.5373317,1494,6
TEV,single-first,16,1600,0.5373317,1594,6
TEV,single-first,17,1700,0.5373317,1694,6
TEV,single-first,18,1800,0.5373317,1792,8
TEV,single-first,19,1900,0.5373317,1891,9
TEV,single-first,20,2000,0.9316145,1991,9
TEV,live-assistant,1,100,0.5373317,100,0
TEV,live-assistant,2,200,0.5373317,200,0
TEV,live-assistant,3,300,0.5373317,300,0
TEV,live-assistant,4,400,0.5373317,400,0
TEV,live-assistant,5,500,0.5373317,500,0
TEV,live-assistant,6,600,0.5373317,600,0
TEV,live-assistant,7,700,0.5385917,700,0
TEV,live-assistant,8,800,0.5385917,800,0
TEV,live-assistant,9,900,0.5385917,900,0
TEV,live-assistant,10,1000,0.5385917,1000,0
TEV,live-assistant,11,1100,0.5385917,1100,0
TEV,live-assistant,12,1200,0.5385917,1200,0
TEV,live-assistant,13,1300,0.5385917,1300,0
TEV,live-assistant,14,1400,0.5385917,1400,0
TEV,live-assistant,15,1500,0.5385917,1500,0
TEV,live-assistant,16,1600,0.5385917,1600,0
TEV,live-assistant,17,1700,0.5385917,1700,0
TEV,live-assistant,18,1800,0.5385917,1800,0
TEV,live-assistant,19,1900,0.5385917,1900,0
TEV,live-assistant,20,2000,0.5385917,2000,0
DHFR,uniform,1,100,3.2218555093193744,100,0
DHFR,uniform,2,200,3.2315481812694973,200,0
DHFR,uniform,3,300,3.2315481812694973,300,0
DHFR,uniform,4,400,3.2315481812694973,400,0
DHFR,uniform,5,500,3.2315481812694973,500,0
DHFR,uniform,6,600,3.2315481812694973,600,0
DHFR,uniform,7,700,3.2315481812694973,700,0
DHFR,uniform,8,800,3.2315481812694973,800,0
DHFR,uniform,9,900,3.2315481812694973,900,0
DHFR,uniform,10,1000,3.2315481812694973,1000,0
DHFR,uniform,11,1100,3.2315481812694973,1100,0
DHFR,uniform,12,1200,3.2315481812694973,1200,0
DHFR,uniform,13,1300,3.2315481812694973,1300,0
DHFR,uniform,14,1400,3.3134435908982645,1400,0
DHFR,uniform,15,1500,3.330976897821227,1500,0
DHFR,uniform,16,1600,3.330976897821227,1600,0
DHFR,uniform,17,1700,3.330976897821227,1700,0
DHFR,uniform,18,1800,3.330976897821227,1800,0
DHFR,uniform,19,1900,3.330976897821227,1900,0
DHFR,uniform,20,2000,3.341649900420192,2000,0
DHFR,single-first,1,100,3.2315481812694973,100,0
DHFR,single-first,2,200,3.2315481812694973,200,0
DHFR,single-first,3,300,3.2315481812694973,300,0
DHFR,single-first,4,400,3.2315481812694973,400,0
DHFR,single-first,5,500,3.2315481812694973,500,0
DHFR,single-first,6,600,3.2315481812694973,600,0
DHFR,single-first,7,700,3.2315481812694973,700,0
DHFR,single-first,8,800,3.769913186546321,800,0
DHFR,single-first,9,900,3.769913186546321,900,0
DHFR,single-first,10,1000,3.769913186546321,1000,0
DHFR,single-first,11,1100,3.769913186546321,1100,0
DHFR,single-first,12,1200,3.769913186546321,1200,0
DHFR,single-first,13,1300,3.769913186546321,1300,0
DHFR,single-first,14,1400,3.769913186546321,1400,0
DHFR,single-first,15,1500,3.769913186546321,1500,0
DHFR,single-first,16,1600,3.769913186546321,1600,0
DHFR,single-first,17,1700,3.769913186546321,1700,0
DHFR,single-first,18,1800,3.769913186546321,1800,0
DHFR,single-first,19,1900,3.769913186546321,1900,0
DHFR,single-first,20,2000,3.769913186546321,2000,0
DHFR,live-assistant,1,100,3.123653919286195,100,0
DHFR,live-assistant,2,200,3.8119203211813613,200,0
DHFR,live-assistant,3,300,3.8251673258402525,300,0
DHFR,live-assistant,4,400,3.8251673258402525,400,0
DHFR,live-assistant,5,500,3.8251673258402525,500,0
DHFR,live-assistant,6,600,3.8251673258402525,600,0
DHFR,live-assistant,7,700,3.8251673258402525,700,0
DHFR,live-assistant,8,800,3.8251673258402525,800,0
DHFR,live-assistant,9,900,3.8251673258402525,900,0
DHFR,live-assistant,10,1000,3.8251673258402525,1000,0
DHFR,live-assistant,11,1100,3.8251673258402525,1100,0
DHFR,live-assistant,12,1200,3.8251673258402525,1200,0
DHFR,live-assistant,13,1300,3.8251673258402525,1300,0
DHFR,live-assistant,14,1400,3.8251673258402525,1400,0
DHFR,live-assistant,15,1500,3.8251673258402525,1500,0
DHFR,live-assistant,16,1600,3.8251673258402525,1600,0
DHFR,live-assistant,17,1700,3.8251673258402525,1700,0
DHFR,live-assistant,18,1800,3.8251673258402525,1800,0
DHFR,live-assistant,19,1900,3.8251673258402525,1900,0
DHFR,live-assistant,20,2000,3.8251673258402525,2000,0
TrpB3B,uniform,1,100,1.0,100,0
TrpB3B,uniform,2,200,1.0,200,0
TrpB3B,uniform,3,300,1.0,300,0
TrpB3B,uniform,4,400,1.0,400,0
TrpB3B,uniform,5,500,1.0,500,0
TrpB3B,uniform,6,600,1.0,599,1
TrpB3B,uniform,7,700,1.0,699,1
TrpB3B,uniform,8,800,1.0,799,1
TrpB3B,uniform,9,900,1.0,899,1
TrpB3B,uniform,10,1000,1.0,999,1
TrpB3B,uniform,11,1100,1.0,1099,1
TrpB3B,uniform,12,1200,1.0,1199,1
TrpB3B,uniform,13,1300,1.0,1299,1
TrpB3B,uniform,14,1400,1.0,1399,1
TrpB3B,uniform,15,1500,1.0,1499,1
TrpB3B,uniform,16,1600,1.0,1599,1
TrpB3B,uniform,17,1700,1.0,1699,1
TrpB3B,uniform,18,1800,1.0,1799,1
TrpB3B,uniform,19,1900,1.0,1899,1
TrpB3B,uniform,20,2000,1.0,1999,1
TrpB3B,single-first,1,100,1.0,99,1
TrpB3B,single-first,2,200,1.0,199,1
TrpB3B,single-first,3,300,1.0,299,1
TrpB3B,single-first,4,400,1.0,399,1
TrpB3B,single-first,5,500,1.0,499,1
TrpB3B,single-first,6,600,1.0,599,1
TrpB3B,single-first,7,700,1.0,699,1
TrpB3B,single-first,8,800,1.0,798,2
TrpB3B,single-first,9,900,1.0,898,2
TrpB3B,single-first,10,1000,1.0,998,2
TrpB3B,single-first,11,1100,1.0,1098,2
TrpB3B,single-first,12,1200,1.0,1198,2
TrpB3B,single-first,13,1300,1.0,1298,2
TrpB3B,single-first,14,1400,1.0,1398,2
TrpB3B,single-first,15,1500,1.0,1498,2
TrpB3B,single-first,16,1600,1.0,1598,2
TrpB3B,single-first,17,1700,1.0,1698,2
TrpB3B,single-first,18,1800,1.0,1798,2
TrpB3B,single-first,19,1900,1.0,1898,2
TrpB3B,single-first,20,2000,1.0,1998,2
TrpB3B,live-assistant,1,100,1.0,99,1
TrpB3B,live-assistant,2,200,1.0,199,1
TrpB3B,live-assistant,3,300,1.0,299,1
TrpB3B,live-assistant,4,400,1.0,398,2
TrpB3B,live-assistant,5,500,1.0,497,3
TrpB3B,live-assistant,6,600,1.0,597,3
TrpB3B,live-assistant,7,700,1.0,697,3
TrpB3B,live-assistant,8,800,1.0,797,3
TrpB3B,live-assistant,9,900,1.0,897,3
TrpB3B,live-assistant,10,1000,1.0,997,3
TrpB3B,live-assistant,11,1100,1.0,1097,3
TrpB3B,live-assistant,12,1200,1.0,1197,3
TrpB3B,live-assistant,13,1300,1.0,1297,3
TrpB3B,live-assistant,14,1400,1.0,1397,3
TrpB3B,live-assistant,15,1500,1.0,1497,3
TrpB3B,live-assistant,16,1600,1.0,1597,3
TrpB3B,live-assistant,17,1700,1.0,1697,3
TrpB3B,live-assistant,18,1800,1.0,1797,3
TrpB3B,live-assistant,19,1900,1.0,1897,3
TrpB3B,live-assistant,20,2000,1.0,1997,3
