landscape,policy,queries,best_measured_value
GB1,live_assistant,0,1.0
GB1,live_assistant,16,2.401243496
GB1,live_assistant,32,3.081165808
GB1,live_assistant,48,3.356961954
GB1,live_assistant,64,3.901460756
GB1,uniform,0,1.0
GB1,uniform,16,3.956863647
GB1,uniform,32,3.956863647
GB1,uniform,48,3.956863647
GB1,uniform,64,3.956863647
GB1,single-first,0,1.0
GB1,single-first,16,2.16359336
GB1,single-first,32,3.901460756
GB1,single-first,48,3.901460756
GB1,single-first,64,3.901460756
ParD3,live_assistant,0,1.0
ParD3,live_assistant,12,1.0
ParD3,live_assistant,24,1.017502225
ParD3,live_assistant,36,1.017502225
ParD3,uniform,0,1.0
ParD3,uniform,12,1.0
ParD3,uniform,24,1.0
ParD3,uniform,36,1.0
ParD3,single-first,0,1.0
ParD3,single-first,12,1.017502225
ParD3,single-first,24,1.017502225
ParD3,single-first,36,1.017502225
